{"left_eye": {"camera_matrix": [[581.06509638, 0, 317.13846547], [0, 581.00597602, 219.22972847], [0, 0, 1]], "distortion_coefficients": [[0.2416075, -0.65779214, 0.00248754, 0.00189228, 0.2066612]]}, "right_eye": {"camera_matrix": [[561.19376704, 0, 322.00919829], [0, 560.98537229, 233.10517189], [0, 0, 1]], "distortion_coefficients": [[0.16440651, -0.24356936, -0.00228547, -0.00112472, -0.39390406]]}}