{"left_eye": {"camera_matrix": [[401.529047760177, 0, 318.1145980696263], [0, 400.2252977083747, 243.9799353278892], [0, 0, 1]], "distortion_coefficients": [[-0.02022860533660855, -0.05452208477950831, 0.003195222738222771, -0.001958983512216205, 0]]}, "right_eye": {"camera_matrix": [[401.529047760177, 0, 318.1145980696263], [0, 400.2252977083747, 243.9799353278892], [0, 0, 1]], "distortion_coefficients": [[-0.02022860533660855, -0.05452208477950831, 0.003195222738222771, -0.001958983512216205, 0]]}}